artifact_id,cdli_comments,designation,artifact_type,period,provenience,written_in,archive,composite_no,seal_no,composites,seals,museum_no,accession_no,condition_description,artifact_preservation,period_comments,provenience_comments,artifact_type_comments,is_provenience_uncertain,is_period_uncertain,is_artifact_type_uncertain,is_school_text,height,thickness,width,weight,elevation,excavation_no,findspot_square,findspot_comments,stratigraphic_level,surface_preservation,artifact_comments,seal_information,collections,dates,alternative_years,genres,languages,materials,publications_key,publications_type,publications_exact_ref,publications_comment,external_resources,external_resources_key,genres_comment,genres_uncertain,languages_uncertain,materials_aspect,materials_color,materials_uncertain,retired,has_fragments,is_artifact_fake,redirect_artifact_id,retired_comments
1.0,,"CDLI Lexical 000002, ex. 065",tablet,Uruk III (ca. 3200-3000 BC),Uruk (mod. Warka),,,,,Q000002,,VAT 01533,,,,,,,0.0,0.0,0.0,0.0,31.0,18.0,61.0,,,"W 06435,a","M XVIII,?",auf Hügeloberfläche in der Nähe des Südbaues,,,,,"Vorderasiatisches Museum, Berlin, Germany",00.00.00.00,,Lexical,undetermined,clay,1428991;1444278,history;history,"pl. 11, W 6435,a;",,DCCLT; ARMEP,P000001; P000001,Archaic Lu2 A (witness) ,0.0,0.0,,,0.0,0.0,0.0,0.0,,
2.0,,"CDLI Lexical 000002, ex. 066",tablet,Uruk III (ca. 3200-3000 BC),Uruk (mod. Warka),,,,,Q000002,,VAT 15263,,,,,,,0.0,0.0,0.0,0.0,30.0,13.0,48.0,,,"W 06435,b","M XVIII,?",auf der Hügeloberfläche in der Nähe des Südbaues,,,,,"Vorderasiatisches Museum, Berlin, Germany",00.00.00.00,,Lexical,undetermined,clay,1428992;1444279,history;history,"pl. 11, W 6435,b;",,DCCLT; ARMEP,P000002; P000002,Archaic Lu2 A (witness) ,0.0,0.0,,,0.0,0.0,0.0,0.0,,
3.0,,"ATU 3, pl. 081, W 9123,d",tablet,Uruk IV (ca. 3350-3200 BC),Uruk (mod. Warka),,,,,,,VAT 15253,,,,,,,0.0,0.0,0.0,0.0,42.0,19.0,53.0,,,"W 09123,d","Qa XVI,2","unter der Abgleichung der Schicht III, 1,5 m über der Höhe des Kalksteinsockels// (t.a.q. IIIc)",,,,,"Vorderasiatisches Museum, Berlin, Germany",,,Vocabularies,undetermined,clay,Englund1993;1375573,primary;history,"pl. 81, W 9123,d;","42x53x19, Vocabulary 9, Qa XVI,2, unter der Abgleichung der Schicht III, 1,5 m über der Höhe des Kalksteinsockels (t.a.q. IIIc), veröffentlicht in: ATU 1, 539, bereits kommentiert von A. Falkenstein, UVB 3, 12 und ATU 1, S. 43-45.",DCCLT; ARMEP,P000003; P000003,Archaic Vocabulary (witness) Text category: 15-09; Foreign ID: LVO 9,0.0,0.0,,,0.0,0.0,0.0,0.0,,
4.0,,"CDLI Lexical 000002, ex. 051",tablet,Uruk IV (ca. 3350-3200 BC),Uruk (mod. Warka),,,,,Q000002,,VAT 15168,,,,,,,0.0,0.0,0.0,0.0,26.0,23.0,23.0,,,"W 09169,d","Qa XVI,2","unter der Abgleichung der Schicht III, 1,5 m über der Höhe des Kalksteinsockels// (t.a.q. IIIc)",,,,,"Vorderasiatisches Museum, Berlin, Germany",00.00.00.00,,Lexical,undetermined,clay,1428993;1444280,history;history,"pl. 9, W 9169,d;",,DCCLT; ARMEP,P000004; P000004,Archaic Lu2 A (witness) ,0.0,0.0,,,0.0,0.0,0.0,0.0,,
5.0,,"CDLI Lexical 000002, ex. 172",tablet,Uruk IV (ca. 3350-3200 BC),Uruk (mod. Warka),,,,,Q000002,,VAT 15153,,,,,,,0.0,0.0,0.0,0.0,29.0,20.0,36.0,,,"W 09206,k","Qa XVI,2","unter der Abgleichung der Schicht III, 1,5 m über der Höhe des Kalksteinsockels// (t.a.q. IIIc)",,,,,"Vorderasiatisches Museum, Berlin, Germany",00.00.00.00,,Lexical,undetermined,clay,1428994;1444281,history;history,"pl. 23, W 9206,k;",,DCCLT; ARMEP,P000005; P000005,Archaic Lu2 A (witness) ,0.0,0.0,,,0.0,0.0,0.0,0.0,,
6.0,,"CDLI Lexical 000002, ex. 173",tablet,Uruk IV (ca. 3350-3200 BC),Uruk (mod. Warka),,,,,Q000002,,VAT 15003,,,,,,,0.0,0.0,0.0,0.0,82.0,19.0,62.0,,,"W 09656,h1","Qa XVI,2","unter der Abgleichung der Schicht III, 1,5 m über der Höhe des Kalksteinsockels// (t.a.q. IIIc)",,,,,"Vorderasiatisches Museum, Berlin, Germany",00.00.00.00,,Lexical,undetermined,clay,Nissen1991FrüheSchrift ; Englund1993ATU3; Falkenstein1936ATU1; sec12; Woods2010writing,history; history; history; history; history,"p. 153, no. 16.1; pl. 23, W 9656,h1; 340; ; 074",; ; ; ; ,DCCLT; ARMEP,P000006; P000006,Archaic Lu2 A (witness) ,0.0,0.0,,,0.0,0.0,0.0,0.0,,
7.0,,"CDLI Lexical 000002, ex. 174",tablet,Uruk IV (ca. 3350-3200 BC),Uruk (mod. Warka),,,,,Q000002,,VAT 15111,,,,,,,0.0,0.0,0.0,0.0,56.0,29.0,36.0,,,"W 09656,x","Qa XVI,2","unter der Abgleichung der Schicht III, 1,5 m über der Höhe des Kalksteinsockels// (t.a.q. IIIc)",,,,,"Vorderasiatisches Museum, Berlin, Germany",00.00.00.00,,Lexical,undetermined,clay,1428996;1444282,history;history,"pl. 23, W 9656,x;",,DCCLT; ARMEP,P000007; P000007,Archaic Lu2 A (witness) ,0.0,0.0,,,0.0,0.0,0.0,0.0,,
8.0,,"CDLI Lexical Archaic Unidentified, ex. 003",tablet,Uruk III (ca. 3200-3000 BC),Uruk (mod. Warka),,,,,,,VAT 17684,,,,,,,0.0,0.0,0.0,0.0,39.0,9.0,26.0,,,"W 11985,e","Pb XVII,1","+19.50 m, 3 m nordwestlich vom Festpunkt 19.60",,,,,"Vorderasiatisches Museum, Berlin, Germany",,,Lexical,undetermined,clay,1375574,history,"pl. 85, W 11985,e",,DCCLT; ARMEP,P000008; P000008,Archaic Unidentified (witness) ,0.0,0.0,,,0.0,0.0,0.0,0.0,,
9.0,,"CDLI Lexical 000002, ex. 160",tablet,Uruk III (ca. 3200-3000 BC),Uruk (mod. Warka),,,,,Q000002,,VAT 17702,,,,,,,0.0,0.0,0.0,0.0,54.0,0.0,46.0,,,"W 11985,f","Pb XVII,1","+19.50 m, 3 m nordwestlich vom Festpunkt 19.60",,,,,"Vorderasiatisches Museum, Berlin, Germany",00.00.00.00,,Lexical,undetermined,clay,1375575,history,"pl. 22, W 11985,f",,DCCLT; ARMEP,P000009; P000009,Archaic Lu2 A (witness) ,0.0,0.0,,,0.0,0.0,0.0,0.0,,
10.0,,"CDLI Lexical 000007, ex. 006",tablet,Uruk III (ca. 3200-3000 BC),Uruk (mod. Warka),,,,,Q000007,,VAT 17709,,,,,,,0.0,0.0,0.0,0.0,23.0,19.0,25.0,,,"W 11985,g","Pb XVII,1","+19.50 m, 3 m nordwestlich vom Festpunkt 19.60",,,,,"Vorderasiatisches Museum, Berlin, Germany",,,Lexical,undetermined,clay,1375576,history,"pl. 26, W 11985,g",,DCCLT; ARMEP,P000010; P000010,Archaic Officials (witness) ,0.0,0.0,,,0.0,0.0,0.0,0.0,,
11.0,,"CDLI Lexical 000002, ex. 017 & 000026, ex. 054",tablet,Uruk III (ca. 3200-3000 BC),Uruk (mod. Warka),,,,,Q000002; Q000026,,VAT 17685,,,,,,,0.0,0.0,0.0,0.0,66.0,24.0,56.0,,,"W 11986,a","Pb XVII,1","+19.50 m, 3 m nordwestlich vom Festpunkt 19.60",,,,,"Vorderasiatisches Museum, Berlin, Germany",00.00.00.00,,Lexical,undetermined,clay,1375577,history,"pl. 4, W 11986,a",,DCCLT; ARMEP,P000011; P000011,Archaic Lu2 A (witness); Archaic Metal (witness) ,0.0,0.0,,,0.0,0.0,0.0,0.0,,
12.0,,"CDLI Lexical 000002, ex. 136",tablet,Uruk III (ca. 3200-3000 BC),Uruk (mod. Warka),,,,,Q000002,,VAT 17619,,,,,,,0.0,0.0,0.0,0.0,41.0,14.0,31.0,,,"W 11986,c","Pb XVII,1","+19.50 m, 3 m nordwestlich vom Festpunkt 19.60",,,,,"Vorderasiatisches Museum, Berlin, Germany",00.00.00.00,,Lexical,undetermined,clay,1375578,history,"pl. 19, W 11986,c",,DCCLT; ARMEP,P000012; P000012,Archaic Lu2 A (witness) ,0.0,0.0,,,0.0,0.0,0.0,0.0,,
13.0,,"CDLI Lexical Archaic Unidentified, ex. 004",tablet,Uruk III (ca. 3200-3000 BC),Uruk (mod. Warka),,,,,,,VAT 17729,,,,,,,0.0,0.0,0.0,0.0,30.0,16.0,38.0,,,"W 11988,d","Pb XVII,1","+19.00 m, 7 m südwestlich vom Festpunkt 19.60",,,,,"Vorderasiatisches Museum, Berlin, Germany",,,Lexical,undetermined,clay,1375579,history,"pl. 85, W 11988,d",,DCCLT; ARMEP,P000013; P000013,Archaic Unidentified (witness) ,0.0,0.0,,,0.0,0.0,0.0,0.0,,
14.0,,"ATU 3, pl. 036, W 12139",tablet,Uruk III (ca. 3200-3000 BC),Uruk (mod. Warka),,,,,,,VAT 16773,,,,,,,0.0,0.0,0.0,0.0,76.0,15.0,51.0,,,W 12139,"Oe XVI,4","+19.80 m, über der Tempelmauer von IVa, südwestlich vom Labyrinth",,,,,"Vorderasiatisches Museum, Berlin, Germany",,,Lexical,undetermined,clay,Englund1993;1428997;1454046;1458908,primary;history;history;history,"pl. 36, W 12139; p. 173 fig. 63; ;","76x51x15, Swine 1-58 mit Kolophon, Oe XVI,4, +19.80 m, über der Tempelmauer von IVa, südwestlich vom Labyrinth, veröffentlicht in: UVB 6, Tafel gedreht um die vertikale Achse.",DCCLT; ARMEP,P000014; P000014,Archaic Pigs (witness) Text category: 06.01; Text commentary: 01-58 KOL; Foreign ID: L$U A,0.0,0.0,,,0.0,0.0,0.0,0.0,,
15.0,,"CDLI Lexical 000023, ex. 091",tablet,Uruk III (ca. 3200-3000 BC),Uruk (mod. Warka),,,,,Q000023,,VAT 17858 + VAT 17886,,,,,,,0.0,0.0,0.0,0.0,101.0,30.0,99.0,,,"W 12256,i + W 12256,k + W 12256,l + W 12256,o","Oe XVI,5","1 m über der Hofmauerkante IVa, 50 cm davor",,,,,"Vorderasiatisches Museum, Berlin, Germany",00.00.00.00,,Lexical,undetermined,clay,1428998;1444283,history;history,"pl. 66, W 12256,i+;",,DCCLT; ARMEP,P000015; P000015,Archaic Vessels & Garments (witness) ,0.0,0.0,,,0.0,0.0,0.0,0.0,,
19.0,,"CDLI Lexical 000002, ex. 038",tablet,Uruk III (ca. 3200-3000 BC),Uruk (mod. Warka),,,,,Q000002,,VAT 17630,,,,,,,0.0,0.0,0.0,0.0,25.0,17.0,25.0,,,"W 13662,c1","Od/e XVI,5",+20.07 m,,,,,"Vorderasiatisches Museum, Berlin, Germany",00.00.00.00,,Lexical,undetermined,clay,1375580;1454047;1458909,history;history;history,"pl. 7, W 13662,c1",,DCCLT; ARMEP,P000019; P000019,Archaic Lu2 A (witness) ,0.0,0.0,,,0.0,0.0,0.0,0.0,,
20.0,,"CDLI Lexical Archaic Unidentified, ex. 005",tablet,Uruk III (ca. 3200-3000 BC),Uruk (mod. Warka),,,,,,,VAT 17699,,,,,,,0.0,0.0,0.0,0.0,39.0,20.0,24.0,,,"W 13662,v1","Od/e XVI,5",+20.07 m,,,,,"Vorderasiatisches Museum, Berlin, Germany",,,Lexical,undetermined,clay,1375581,history,"pl. 85, W 13662,v1",,DCCLT; ARMEP,P000020; P000020,Archaic Unidentified (witness) ,0.0,0.0,,,0.0,0.0,0.0,0.0,,
21.0,,"ATU 3, pl. 080, W 13948",tablet,Uruk III (ca. 3200-3000 BC),Uruk (mod. Warka),,,,,,,VAT 16972,,,,,,,0.0,0.0,0.0,0.0,42.0,20.0,43.0,,,W 13948,"Pc XVII,4","+ca.17.20 m, beim Fundort der Löwenjagdstele",,,,,"Vorderasiatisches Museum, Berlin, Germany",,,Vocabularies,undetermined,clay,Englund1993,primary,"pl. 80, W 13948","42x43x20, Vocabulary 1, Pc XVII,4, +ca. 17.20 m, beim Fundort der Löwenjagdstele.",DCCLT; ARMEP,P000021; P000021,Archaic Vocabulary (witness) Text category: 15-01; Foreign ID: LVO 1,0.0,0.0,,,0.0,0.0,0.0,0.0,,
22.0,,"ATU 3, pl. 082, W 13982",tablet,Uruk III (ca. 3200-3000 BC),Uruk (mod. Warka),,,,,,,VAT 16741,,,,,,,0.0,0.0,0.0,0.0,45.0,21.0,52.0,,,W 13982,"Od XVI,5",dicht über den Lehmziegeln des Hofes von IVa,,,,,"Vorderasiatisches Museum, Berlin, Germany",,,Lexical,undetermined,clay,Nissen1991FrüheSchrift ; Englund1993ATU3; Englund1998OBO160/1; Woods2010writing,history; primary; history; history,"p. 148, no. 15.4; pl. 82, W 13982; p. 85 fig. 23; 042 & 075","; 45x52x21 - Practice 2 - Od XVI,5, dicht über den Lehmziegeln des Hofes von IVa.; (incorrectly as BM 128990); ",DCCLT; ARMEP,P000022; P000022,Archaic Practice (witness) Text category: 16-02; Foreign ID: LSL 2,0.0,0.0,,,0.0,0.0,0.0,0.0,,
23.0,,"ATU 3, pl. 080, W 14264",tablet,Uruk III (ca. 3200-3000 BC),Uruk (mod. Warka),,,,,,,VAT 16759,,,,,,,0.0,0.0,0.0,0.0,62.0,17.0,57.0,,,W 14264,"Pb XVII,3","+18.00 m, Schutt über Riemchen unter neubabylonischen Häusern",,,,,"Vorderasiatisches Museum, Berlin, Germany",,,Vocabularies,undetermined,clay,Englund1993,primary,"pl. 80, W 14264","62x57x17, Vocabulary 2, Pb XVII,3, +18.00 m, Schutt über Riemchen unter neubabylonischen Häusern.",DCCLT; ARMEP,P000023; P000023,Archaic Vocabulary (witness) Text category: 15-02; Foreign ID: LVO 2,0.0,0.0,,,0.0,0.0,0.0,0.0,,
24.0,,"CDLI Lexical Archaic Unidentified, ex. 006",tablet,Uruk III (ca. 3200-3000 BC),Uruk (mod. Warka),,,,,,,VAT 17588,,,,,,,0.0,0.0,0.0,0.0,33.0,16.0,28.0,,,"W 14335,c","Od XVI,5","ca 20.20 m, in Raum von III",,,,,"Vorderasiatisches Museum, Berlin, Germany",,,Lexical,undetermined,clay,1375582,history,"pl. 85, W 14335,c",,DCCLT; ARMEP,P000024; P000024,Archaic Unidentified (witness) ,0.0,0.0,,,0.0,0.0,0.0,0.0,,
25.0,,"ATU 3, pl. 080, W 14337,a+",tablet,Uruk III (ca. 3200-3000 BC),Uruk (mod. Warka),,,,,,,VAT 16912,,,,,,,0.0,0.0,0.0,0.0,99.0,33.0,92.0,,,"W 14337,a + W 14337,b + W 14337,c + W 14337,d + W 14337,e","Od XVI,5","ca 20.20 m, in Raum von III",,,,,"Vorderasiatisches Museum, Berlin, Germany",,,Vocabularies,undetermined,clay,Englund1993;1375583,primary;history,"pl. 80, W 14337,a+;","99x92x33, Vocabulary 3, Fundstelle wie W 14335,c, veröffentlicht in: ATU 2, Taf. 49.",DCCLT; ARMEP,P000025; P000025,Archaic Vocabulary (witness) Text category: 15-03; Foreign ID: LVO 3,0.0,0.0,,,0.0,0.0,0.0,0.0,,
30.0,,"CDLI Lexical 000002, ex. 018",tablet,Uruk III (ca. 3200-3000 BC),Uruk (mod. Warka),,,,,Q000002,,VA — ?,,,,,,,0.0,0.0,0.0,0.0,47.0,0.0,32.0,,,W 14497,?,in plankonvexem Ziegel des Zingels südwestlich der Ziqqurat,,,,,"Vorderasiatisches Museum, Berlin, Germany",00.00.00.00,,Lexical,undetermined,clay,1375584,history,"pl. 4, W 14497",,DCCLT; ARMEP,P000030; P000030,Archaic Lu2 A (witness) ,0.0,0.0,,,0.0,0.0,0.0,0.0,,
31.0,,"CDLI Lexical 000002, ex. 078",tablet,Uruk III (ca. 3200-3000 BC),Uruk (mod. Warka),,,,,Q000002,,VA — ?,,,,,,,0.0,0.0,0.0,0.0,39.0,0.0,50.0,,,"W 14551,a + W 14551,b ?","Pb XVII,2","+19.50 m, im Füllschutt des Hauses aus Riemchen, cf.14568",,,,,"Vorderasiatisches Museum, Berlin, Germany",00.00.00.00,,Lexical,undetermined,clay,1375585,history,"pl. 13, W 14551,a+",,DCCLT; ARMEP,P000031; P000031,Archaic Lu2 A (witness) ,0.0,0.0,,,0.0,0.0,0.0,0.0,,
33.0,,"CDLI Lexical 000002, ex. 151",tablet,Uruk III (ca. 3200-3000 BC),Uruk (mod. Warka),,,,,Q000002,,VA — ?,,,,,,,0.0,0.0,0.0,0.0,23.0,0.0,26.0,,,W 14638,"Od XVI,4/5",+20 m,,,,,"Vorderasiatisches Museum, Berlin, Germany",00.00.00.00,,Lexical,undetermined,clay,1375586,history,"pl. 21, W 14638",,DCCLT; ARMEP,P000033; P000033,Archaic Lu2 A (witness) ,0.0,0.0,,,0.0,0.0,0.0,0.0,,
34.0,,"CDLI Lexical Archaic Unidentified, ex. 007",tablet,Uruk III (ca. 3200-3000 BC),Uruk (mod. Warka),,,,,,,VA — ?,,,,,,,0.0,0.0,0.0,0.0,35.0,0.0,24.0,,,"W 14731,x","Od XVI,5","+20 m, unter den gebrannten Ziegeln des späten Baues der Schicht III",,,,,"Vorderasiatisches Museum, Berlin, Germany",,,Lexical,undetermined,clay,1375587,history,"pl. 85, W 14731,x",,DCCLT; ARMEP,P000034; P000034,Archaic Unidentified (witness) ,0.0,0.0,,,0.0,0.0,0.0,0.0,,
35.0,,"CDLI Lexical 000013, ex. 008",tablet,Uruk III (ca. 3200-3000 BC),Uruk (mod. Warka),,,,,Q000013,,VAT 16828,,,,,,,0.0,0.0,0.0,0.0,61.0,0.0,62.0,,,"W 14777,b","Oe XVI,3",+19.70 m,,,,,"Vorderasiatisches Museum, Berlin, Germany",,,Lexical,undetermined,clay,1375588,history,"pl. 32, W 14777,b",,DCCLT; ARMEP,P000035; P000035,Archaic Fish (witness) ,0.0,0.0,,,0.0,0.0,0.0,0.0,,
36.0,,"CDLI Lexical 000028, ex. 01",tablet,Uruk III (ca. 3200-3000 BC),Uruk (mod. Warka),,,,,Q000028,,VAT 16945,,,,,,,0.0,0.0,0.0,0.0,64.0,33.0,54.0,,,W 15085,"Pa XVI,2","+19.20 m, 5 cm über Riemchenmauer der älteren Periode der III Schicht, vor Ziqqurat",,,,,"Vorderasiatisches Museum, Berlin, Germany",00.00.00.00,,Lexical,undetermined,clay,1375589,history,"pl. 75, W 15085,",,DCCLT; ARMEP,P000036; P000036,Archaic Grain (witness) ,0.0,0.0,,,0.0,0.0,0.0,0.0,,
37.0,,"CDLI Lexical Archaic Unidentified, ex. 008",tablet,Uruk III (ca. 3200-3000 BC),Uruk (mod. Warka),,,,,,,VAT 16902,,,,,,,0.0,0.0,0.0,0.0,46.0,18.0,28.0,,,"W 15772,l","Nb/c XVI,4",Seleukidenmauer Schnitt Westhälfte,,,,,"Vorderasiatisches Museum, Berlin, Germany",,,Lexical,undetermined,clay,1375590,history,"pl. 85, W 15772,l",,DCCLT; ARMEP,P000037; P000037,Archaic Unidentified (witness) ,0.0,0.0,,,0.0,0.0,0.0,0.0,,
38.0,,"CDLI Lexical Archaic Unidentified, ex. 009",tablet,Uruk III (ca. 3200-3000 BC),Uruk (mod. Warka),,,,,,,"IM 023436,14",,,,,,,0.0,0.0,0.0,0.0,33.0,16.0,22.0,,,"W 15773,c","Nb/c XVI,4",Seleukidenmauer Schnitt Westhälfte,,,,,"National Museum of Iraq, Baghdad, Iraq",,,Lexical,undetermined,clay,1375591,history,"pl. 85, W 15773,c",,DCCLT; ARMEP,P000038; P000038,Archaic Unidentified (witness) ,0.0,0.0,,,0.0,0.0,0.0,0.0,,
39.0,,"CDLI Lexical Archaic Unidentified, ex. 010",tablet,Uruk III (ca. 3200-3000 BC),Uruk (mod. Warka),,,,,,,"IM 023436,04",,,,,,,0.0,0.0,0.0,0.0,42.0,21.0,43.0,,,"W 15773,q","Nb/c XVI,4",Seleukidenmauer Schnitt Westhälfte,,,,,"National Museum of Iraq, Baghdad, Iraq",,,Lexical,undetermined,clay,1375592,history,"pl. 85, W 15773,q",,DCCLT; ARMEP,P000039; P000039,Archaic Unidentified (witness) ,0.0,0.0,,,0.0,0.0,0.0,0.0,,
40.0,,"CDLI Lexical Archaic Unidentified, ex. 011",tablet,Uruk III (ca. 3200-3000 BC),Uruk (mod. Warka),,,,,,,"IM 023436,06",,,,,,,0.0,0.0,0.0,0.0,30.0,28.0,37.0,,,"W 15773,t","Nb/c XVI,4",Seleukidenmauer Schnitt Westhälfte,,,,,"National Museum of Iraq, Baghdad, Iraq",,,Lexical,undetermined,clay,1375593,history,"pl. 85, W 15773,t",,DCCLT; ARMEP,P000040; P000040,Archaic Unidentified (witness) ,0.0,0.0,,,0.0,0.0,0.0,0.0,,
41.0,,"CDLI Lexical Archaic Unidentified, ex. 012",tablet,Uruk III (ca. 3200-3000 BC),Uruk (mod. Warka),,,,,,,VAT 17662,,,,,,,0.0,0.0,0.0,0.0,29.0,18.0,37.0,,,"W 15774,q","Nb/c XVI,4",Seleukidenmauer Schnitt Westhälfte,,,,,"Vorderasiatisches Museum, Berlin, Germany",,,Lexical,undetermined,clay,1375594,history,"pl. 85, W 15774,q",,DCCLT; ARMEP,P000041; P000041,Archaic Unidentified (witness) ,0.0,0.0,,,0.0,0.0,0.0,0.0,,
42.0,,"CDLI Lexical 000022, ex. 001",tablet,Uruk III (ca. 3200-3000 BC),Uruk (mod. Warka),,,,,Q000022,,VAT 17590,,,,,,,0.0,0.0,0.0,0.0,52.0,32.0,48.0,,,"W 15774,w","Nb/c XVI,4",Seleukidenmauer Schnitt Westhälfte,,,,,"Vorderasiatisches Museum, Berlin, Germany",00.00.00.00,,Lexical,undetermined,clay,1375595,history,"pl. 37, W 15774,w",,DCCLT; ARMEP,P000042; P000042,Archaic Wood (witness) ,0.0,0.0,,,0.0,0.0,0.0,0.0,,
43.0,,"CDLI Lexical Archaic Unidentified, ex. 013",tablet,Uruk III (ca. 3200-3000 BC),Uruk (mod. Warka),,,,,,,"IM 023438,5 + VAT 16976",,,,,,,0.0,0.0,0.0,0.0,95.0,21.0,53.0,,,"W 15775,f + W 15775,ae","Nb/c XVI,4",Seleukidenmauer Schnitt Westhälfte,,,,,"National Museum of Iraq, Baghdad, Iraq;Vorderasiatisches Museum, Berlin, Germany",,,Lexical,undetermined,clay,1375596,history,"pl. 85, W 15775,f+",,DCCLT; ARMEP,P000043; P000043,Archaic Unidentified (witness) ,0.0,0.0,,,0.0,0.0,0.0,0.0,,
45.0,,"CDLI Lexical 000007, ex. 007",tablet,Uruk III (ca. 3200-3000 BC),Uruk (mod. Warka),,,,,Q000007,,"IM 023438,6",,,,,,,0.0,0.0,0.0,0.0,38.0,21.0,43.0,,,"W 15775,af","Nb/c XVI,4","Seleukidenmauer-Schnitt, Westhälfte",,,,,"National Museum of Iraq, Baghdad, Iraq",,,Lexical,undetermined,clay,1375597,history,"pl. 26, W 15775,af",,DCCLT; ARMEP,P000045; P000045,Archaic Officials (witness) ,0.0,0.0,,,0.0,0.0,0.0,0.0,,
46.0,,"CDLI Lexical 000002, ex. 032",tablet,Uruk III (ca. 3200-3000 BC),Uruk (mod. Warka),,,,,Q000002,,"IM 023439,07",,,,,,,0.0,0.0,0.0,0.0,25.0,16.0,25.0,,,"W 15825,a7","Oe XVII,1",aus dem obersten Mauerwerk der Schicht III,,,,,"National Museum of Iraq, Baghdad, Iraq",00.00.00.00,,Lexical,undetermined,clay,1375598,history,"pl. 6, W 15825,a7",,DCCLT; ARMEP,P000046; P000046,Archaic Lu2 A (witness) ,0.0,0.0,,,0.0,0.0,0.0,0.0,,
47.0,,"CDLI Lexical 000023, ex. 026",tablet,Uruk III (ca. 3200-3000 BC),Uruk (mod. Warka),,,,,Q000023,,"IM 023439,08",,,,,,,0.0,0.0,0.0,0.0,18.0,10.0,37.0,,,"W 15825,a8","Oe XVII,1",aus dem obersten Mauerwerk der Schicht III,,,,,"National Museum of Iraq, Baghdad, Iraq",00.00.00.00,,Lexical,undetermined,clay,1375599,history,"pl. 57, W 15825,a8",,DCCLT; ARMEP,P000047; P000047,Archaic Vessels and Garments (witness) ,0.0,0.0,,,0.0,0.0,0.0,0.0,,
48.0,,"CDLI Lexical 000002, ex. 067",tablet,Uruk III (ca. 3200-3000 BC),Uruk (mod. Warka),,,,,Q000002,,"IM 023440,06a ?",,,,,,,0.0,0.0,0.0,0.0,33.0,15.0,36.0,,,"W 15833,a07 + W 15833,08","Oe XVII,1","+20.80 m, aus dem obersten Mauerwerk der Schicht III",,,,,"National Museum of Iraq, Baghdad, Iraq",00.00.00.00,,Lexical,undetermined,clay,1375600,history,"pl. 12, W 15833,a7+",,DCCLT; ARMEP,P000048; P000048,Archaic Lu2 A (witness) ,0.0,0.0,,,0.0,0.0,0.0,0.0,,
50.0,,"CDLI Lexical 000007, ex. 011",tablet,Uruk III (ca. 3200-3000 BC),Uruk (mod. Warka),,,,,Q000007,,"IM 023441,1",,,,,,,0.0,0.0,0.0,0.0,47.0,21.0,50.0,,,"W 15863,d","Ob XVI,3/4",spätere IIIer Schichten über dem Tempel aus kleinen Riemchen,,,,,"National Museum of Iraq, Baghdad, Iraq",,,Lexical,undetermined,clay,1375601,history,"pl. 27, W 15863,d",,DCCLT; ARMEP,P000050; P000050,Archaic Officials (witness) ,0.0,0.0,,,0.0,0.0,0.0,0.0,,
51.0,,"CDLI Lexical 000002, ex. 088",tablet,Uruk III (ca. 3200-3000 BC),Uruk (mod. Warka),,,,,Q000002,,"IM 023446,01a ?",,,,,,,0.0,0.0,0.0,0.0,54.0,19.0,57.0,,,"W 15892,a + W 15892,b","Oe XVII,1",unter den neubabylonischen Häusern /IIIer Schicht/,,,,,"National Museum of Iraq, Baghdad, Iraq",00.00.00.00,,Lexical,undetermined,clay,1375602,history,"pl. 14, W 15892,a+",,DCCLT; ARMEP,P000051; P000051,Archaic Lu2 A (witness) ,0.0,0.0,,,0.0,0.0,0.0,0.0,,
53.0,,"CDLI Lexical 000023, ex. 010",tablet,Uruk III (ca. 3200-3000 BC),Uruk (mod. Warka),,,,,Q000023,,"IM 023446,02",,,,,,,0.0,0.0,0.0,0.0,29.0,14.0,24.0,,,"W 15892,c","Oe XVII,1",unter den neubabylonischen Häusern /IIIer Schicht/,,,,,"National Museum of Iraq, Baghdad, Iraq",00.00.00.00,,Lexical,undetermined,clay,1375603,history,"pl. 55, W 15892,c",,DCCLT; ARMEP,P000053; P000053,Archaic Vessels and Garments (witness) ,0.0,0.0,,,0.0,0.0,0.0,0.0,,
54.0,,"CDLI Lexical 000002, ex. 068",tablet,Uruk III (ca. 3200-3000 BC),Uruk (mod. Warka),,,,,Q000002,,VAT 16757,,,,,,,0.0,0.0,0.0,0.0,79.0,24.0,48.0,,,"W 15895,a","Oe XVII,1",unter den neubabylonischen Häusern am Suchgraben,,,,,"Vorderasiatisches Museum, Berlin, Germany",00.00.00.00,,Lexical,undetermined,clay,1375604,history,"pl. 12, W 15895,a",,DCCLT; ARMEP,P000054; P000054,Archaic Lu2 A (witness) ,0.0,0.0,,,0.0,0.0,0.0,0.0,,
55.0,,"CDLI Lexical 000002, ex. 058",tablet,Uruk III (ca. 3200-3000 BC),Uruk (mod. Warka),,,,,Q000002,,VAT 17678,,,,,,,0.0,0.0,0.0,0.0,45.0,20.0,66.0,,,"W 15895,b","Oe XVII,1",unter den neubabylonischen Häusern am Suchgraben,,,,,"Vorderasiatisches Museum, Berlin, Germany",00.00.00.00,,Lexical,undetermined,clay,1375605,history,"pl. 11, W 15895,b",,DCCLT; ARMEP,P000055; P000055,Archaic Lu2 A (witness) ,0.0,0.0,,,0.0,0.0,0.0,0.0,,
56.0,,"CDLI Lexical 000023, ex. 086",tablet,Uruk III (ca. 3200-3000 BC),Uruk (mod. Warka),,,,,Q000023,,VAT 17615,,,,,,,0.0,0.0,0.0,0.0,44.0,23.0,46.0,,,"W 15895,c","Oe XVII,1",unter den neubabylonischen Häusern am Suchgraben,,,,,"Vorderasiatisches Museum, Berlin, Germany",00.00.00.00,,Lexical,undetermined,clay,1375606,history,"pl. 65, W 15895,c",,DCCLT; ARMEP,P000056; P000056,Archaic Vessels and Garments (witness) ,0.0,0.0,,,0.0,0.0,0.0,0.0,,
57.0,,"CDLI Lexical 000002, ex. 117",tablet,Uruk III (ca. 3200-3000 BC),Uruk (mod. Warka),,,,,Q000002,,VAT 16941 + VAT 17656,,,,,,,0.0,0.0,0.0,0.0,99.0,0.0,46.0,,,"W 15895,d + W 15895,v","Oe XVII,1",unter den neubabylonischen Häusern am Suchgraben,,,,,"Vorderasiatisches Museum, Berlin, Germany",00.00.00.00,,Lexical,undetermined,clay,1375607,history,"pl. 17, W 15895,d+",,DCCLT; ARMEP,P000057; P000057,Archaic Lu2 A (witness) ,0.0,0.0,,,0.0,0.0,0.0,0.0,,
58.0,,"CDLI Lexical 000023, ex. 062",tablet,Uruk III (ca. 3200-3000 BC),Uruk (mod. Warka),,,,,Q000023,,VAT 16804 + VAT 21311,,,,,,,0.0,0.0,0.0,0.0,50.0,20.0,48.0,,,"W 15895,e + W 15895,f","Oe XVII,1",unter den neubabylonischen Häusern am Suchgraben,,,,,"Vorderasiatisches Museum, Berlin, Germany",00.00.00.00,,Lexical,undetermined,clay,1375608,history,"pl. 62, W 15895,e+",,DCCLT; ARMEP,P000058; P000058,Archaic Vessels and Garments (witness) ,0.0,0.0,,,0.0,0.0,0.0,0.0,,
60.0,,"CDLI Lexical 000026, ex. 035",tablet,Uruk III (ca. 3200-3000 BC),Uruk (mod. Warka),,,,,Q000026,,VAT 17654,,,,,,,0.0,0.0,0.0,0.0,46.0,22.0,40.0,,,"W 15895,g","Oe XVII,1",unter den neubabylonischen Häusern am Suchgraben,,,,,"Vorderasiatisches Museum, Berlin, Germany",00.00.00.00,,Lexical,undetermined,clay,1375609,history,"pl. 73, W 15895,g",,DCCLT; ARMEP,P000060; P000060,Archaic Metal (witness) ,0.0,0.0,,,0.0,0.0,0.0,0.0,,
61.0,,"CDLI Lexical 000002, ex. 092",tablet,Uruk III (ca. 3200-3000 BC),Uruk (mod. Warka),,,,,Q000002,,VAT 16798,,,,,,,0.0,0.0,0.0,0.0,30.0,22.0,49.0,,,"W 15895,h","Oe XVII,1",unter den neubabylonischen Häusern am Suchgraben,,,,,"Vorderasiatisches Museum, Berlin, Germany",00.00.00.00,,Lexical,undetermined,clay,1375610,history,"pl. 14, W 15895,h",,DCCLT; ARMEP,P000061; P000061,Archaic Lu2 A (witness) ,0.0,0.0,,,0.0,0.0,0.0,0.0,,
62.0,,"CDLI Lexical 000030, ex. 027",tablet,Uruk III (ca. 3200-3000 BC),Uruk (mod. Warka),,,,,Q000030,,VAT 16826,,,,,,,0.0,0.0,0.0,0.0,45.0,20.0,56.0,,,"W 15895,i","Oe XVII,1",unter den neubabylonischen Häusern am Suchgraben,,,,,"Vorderasiatisches Museum, Berlin, Germany",,,Lexical,undetermined,clay,1375611,history,"pl. 49, W 15895,i",,DCCLT; ARMEP,P000062; P000062,Archaic Tribute (witness) ,0.0,0.0,,,0.0,0.0,0.0,0.0,,
63.0,,"CDLI Lexical 000026, ex. 036",tablet,Uruk III (ca. 3200-3000 BC),Uruk (mod. Warka),,,,,Q000026,S013835,VAT 17650,,,,,,,0.0,0.0,0.0,0.0,49.0,22.0,33.0,,,"W 15895,k","Oe XVII,1",unter den neubabylonischen Häusern am Suchgraben,,,,,"Vorderasiatisches Museum, Berlin, Germany",00.00.00.00,,Lexical,undetermined,clay,1375612,history,"pl. 73, W 15895,k",,DCCLT; ARMEP,P000063; P000063,Archaic Metal (witness) ,0.0,0.0,,,0.0,0.0,0.0,0.0,,
64.0,,"CDLI Lexical 000023, ex. 063",tablet,Uruk III (ca. 3200-3000 BC),Uruk (mod. Warka),,,,,Q000023,,VAT 16802 + VAT 16808,,,,,,,0.0,0.0,0.0,0.0,44.0,20.0,56.0,,,"W 15895,l +","Oe XVII,1",unter den neubabylonischen Häusern am Suchgraben,,,,,"Vorderasiatisches Museum, Berlin, Germany",00.00.00.00,,Lexical,undetermined,clay,1375613,history,"pl. 62, W 15895,l+",,DCCLT; ARMEP,P000064; P000064,Archaic Vessels and Garments (witness) ,0.0,0.0,,,0.0,0.0,0.0,0.0,,
65.0,,"CDLI Lexical Archaic Unidentified, ex. 021",tablet,Uruk III (ca. 3200-3000 BC),Uruk (mod. Warka),,,,,,,VAT 17696,,,,,,,0.0,0.0,0.0,0.0,43.0,20.0,47.0,,,"W 15895,m","Oe XVII,1",unter den neubabylonischen Häusern am Suchgraben,,,,,"Vorderasiatisches Museum, Berlin, Germany",,,Lexical,undetermined,clay,1375614,history,"pl. 86, W 15895,m",,DCCLT; ARMEP,P000065; P000065,Archaic Unidentified (witness) ,0.0,0.0,,,0.0,0.0,0.0,0.0,,
66.0,,"CDLI Lexical 000002, ex. 047",tablet,Uruk III (ca. 3200-3000 BC),Uruk (mod. Warka),,,,,Q000002,,VAT 16819,,,,,,,0.0,0.0,0.0,0.0,42.0,16.0,52.0,,,"W 15895,n","Oe XVII,1",unter den neubabylonischen Häusern am Suchgraben,,,,,"Vorderasiatisches Museum, Berlin, Germany",00.00.00.00,,Lexical,undetermined,clay,1375615,history,"pl. 9, W 15895,n",,DCCLT; ARMEP,P000066; P000066,Archaic Lu2 A (witness) ,0.0,0.0,,,0.0,0.0,0.0,0.0,,
67.0,,"CDLI Lexical 000002, ex. 052",tablet,Uruk III (ca. 3200-3000 BC),Uruk (mod. Warka),,,,,Q000002,,VAT 16817,,,,,,,0.0,0.0,0.0,0.0,45.0,21.0,47.0,,,"W 15895,o","Oe XVII,1",unter den neubabylonischen Häusern am Suchgraben,,,,,"Vorderasiatisches Museum, Berlin, Germany",00.00.00.00,,Lexical,undetermined,clay,1375616,history,"pl. 10, W 15895,o",,DCCLT; ARMEP,P000067; P000067,Archaic Lu2 A (witness) ,0.0,0.0,,,0.0,0.0,0.0,0.0,,
68.0,,"CDLI Lexical 000030, ex. 013",tablet,Uruk III (ca. 3200-3000 BC),Uruk (mod. Warka),,,,,Q000030,,VAT 17665,,,,,,,0.0,0.0,0.0,0.0,,,,,,"W 15895,p + W 15895,aq","Oe XVII,1",unter den neubabylonischen Häusern am Suchgraben,,,,,"Vorderasiatisches Museum, Berlin, Germany",,,Lexical,undetermined,clay,1375617,history,"pl. 47, W 15895,p+",,DCCLT; ARMEP,P000068; P000068,Archaic Tribute (witness) ,0.0,0.0,,,0.0,0.0,0.0,0.0,,
69.0,,"CDLI Lexical 000023, ex. 053",tablet,Uruk III (ca. 3200-3000 BC),Uruk (mod. Warka),,,,,Q000023,,VAT 16806,,,,,,,0.0,0.0,0.0,0.0,41.0,18.0,33.0,,,"W 15895,q","Oe XVII,1",unter den neubabylonischen Häusern am Suchgraben,,,,,"Vorderasiatisches Museum, Berlin, Germany",00.00.00.00,,Lexical,undetermined,clay,1375618,history,"pl. 61, W 15895,q",,DCCLT; ARMEP,P000069; P000069,Archaic Vessels and Garments (witness) ,0.0,0.0,,,0.0,0.0,0.0,0.0,,
70.0,,"CDLI Lexical 000030, ex. 028",tablet,Uruk III (ca. 3200-3000 BC),Uruk (mod. Warka),,,,,Q000030,,VAT 17623,,,,,,,0.0,0.0,0.0,0.0,42.0,22.0,53.0,,,"W 15895,r","Oe XVII,1",unter den neubabylonischen Häusern am Suchgraben,,,,,"Vorderasiatisches Museum, Berlin, Germany",,,Lexical,undetermined,clay,1375619,history,"pl. 49, W 15895,r",,DCCLT; ARMEP,P000070; P000070,Archaic Tribute (witness) ,0.0,0.0,,,0.0,0.0,0.0,0.0,,
71.0,,"CDLI Lexical 000002, ex. 019",tablet,Uruk III (ca. 3200-3000 BC),Uruk (mod. Warka),,,,,Q000002,,VAT 16803,,,,,,,0.0,0.0,0.0,0.0,39.0,15.0,40.0,,,"W 15895,s","Oe XVII,1",unter den neubabylonischen Häusern am Suchgraben,,,,,"Vorderasiatisches Museum, Berlin, Germany",00.00.00.00,,Lexical,undetermined,clay,1375620,history,"pl. 4, W 15895,s",,DCCLT; ARMEP,P000071; P000071,Archaic Lu2 A (witness) ,0.0,0.0,,,0.0,0.0,0.0,0.0,,
72.0,,"CDLI Lexical 000023, ex. 018",tablet,Uruk III (ca. 3200-3000 BC),Uruk (mod. Warka),,,,,Q000023,,VAT 17677,,,,,,,0.0,0.0,0.0,0.0,33.0,19.0,37.0,,,"W 15895,t","Oe XVII,1",unter den neubabylonischen Häusern am Suchgraben,,,,,"Vorderasiatisches Museum, Berlin, Germany",00.00.00.00,,Lexical,undetermined,clay,1375621,history,"pl. 56, W 15895,t",,DCCLT; ARMEP,P000072; P000072,Archaic Vessels and Garments (witness) ,0.0,0.0,,,0.0,0.0,0.0,0.0,,
73.0,,"CDLI Lexical 000023, ex. 019",tablet,Uruk III (ca. 3200-3000 BC),Uruk (mod. Warka),,,,,Q000023,,VAT 16931,,,,,,,0.0,0.0,0.0,0.0,58.0,22.0,44.0,,,"W 15895,u","Oe XVII,1",unter den neubabylonischen Häusern am Suchgraben,,,,,"Vorderasiatisches Museum, Berlin, Germany",00.00.00.00,,Lexical,undetermined,clay,1375622,history,"pl. 56, W 15895,u",,DCCLT; ARMEP,P000073; P000073,Archaic Vessels and Garments (witness) ,0.0,0.0,,,0.0,0.0,0.0,0.0,,
75.0,,"CDLI Lexical 000007, ex. 008",tablet,Uruk III (ca. 3200-3000 BC),Uruk (mod. Warka),,,,,Q000007,,VAT 17667,,,,,,,0.0,0.0,0.0,0.0,34.0,18.0,32.0,,,"W 15895,w","Oe XVII,1",unter den neubabylonischen Häusern am Suchgraben,,,,,"Vorderasiatisches Museum, Berlin, Germany",,,Lexical,undetermined,clay,1375623,history,"pl. 26, W 15895,w",,DCCLT; ARMEP,P000075; P000075,Archaic Officials (witness) ,0.0,0.0,,,0.0,0.0,0.0,0.0,,
76.0,,"CDLI Lexical 000028, ex. 02",tablet,Uruk III (ca. 3200-3000 BC),Uruk (mod. Warka),,,,,Q000028,,VAT 16821,,,,,,,0.0,0.0,0.0,0.0,46.0,0.0,58.0,,,"W 15895,y","Oe XVII,1",unter den neubabylonischen Häusern am Suchgraben,,,,,"Vorderasiatisches Museum, Berlin, Germany",00.00.00.00,,Lexical,undetermined,clay,1375624,history,"pl. 75, W 15895,y,",,DCCLT; ARMEP,P000076; P000076,Archaic Grain (witness) ,0.0,0.0,,,0.0,0.0,0.0,0.0,,
77.0,,"CDLI Lexical 000026, ex. 001",tablet,Uruk III (ca. 3200-3000 BC),Uruk (mod. Warka),,,,,Q000026,,"IM 023447,01",,,,,,,0.0,0.0,0.0,0.0,24.0,15.0,31.0,,,"W 15895,aa","Oe XVII,1",unter den neubabylonischen Häusern am Suchgraben,,,,,"National Museum of Iraq, Baghdad, Iraq",00.00.00.00,,Lexical,undetermined,clay,1375625,history,"pl. 68, W 15895,aa",,DCCLT; ARMEP,P000077; P000077,Archaic Metal (witness) ,0.0,0.0,,,0.0,0.0,0.0,0.0,,
78.0,,"CDLI Lexical 000030, ex. 011",tablet,Uruk III (ca. 3200-3000 BC),Uruk (mod. Warka),,,,,Q000030,,"IM 023447,02",,,,,,,0.0,0.0,0.0,0.0,25.0,15.0,23.0,,,"W 15895,ab","Oe XVII,1",unter den neubabylonischen Häusern am Suchgraben,,,,,"National Museum of Iraq, Baghdad, Iraq",,,Lexical,undetermined,clay,1375626,history,"pl. 47, W 15895,ab",,DCCLT; ARMEP,P000078; P000078,Archaic Tribute (witness) ,0.0,0.0,,,0.0,0.0,0.0,0.0,,
79.0,,"CDLI Lexical Archaic Unidentified, ex. 014",tablet,Uruk III (ca. 3200-3000 BC),Uruk (mod. Warka),,,,,,,"IM 023447,03",,,,,,,0.0,0.0,0.0,0.0,25.0,13.0,24.0,,,"W 15895,ac","Oe XVII,1",unter den neubabylonischen Häusern am Suchgraben,,,,,"National Museum of Iraq, Baghdad, Iraq",,,Lexical,undetermined,clay,1375627,history,"pl. 86, W 15895,ac",,DCCLT; ARMEP,P000079; P000079,Archaic Unidentified (witness) ,0.0,0.0,,,0.0,0.0,0.0,0.0,,
80.0,,"CDLI Lexical 000002, ex. 079",tablet,Uruk III (ca. 3200-3000 BC),Uruk (mod. Warka),,,,,Q000002,,"IM 023447,04",,,,,,,0.0,0.0,0.0,0.0,30.0,8.0,25.0,,,"W 15895,ad","Oe XVII,1",unter den neubabylonischen Häusern am Suchgraben,,,,,"National Museum of Iraq, Baghdad, Iraq",00.00.00.00,,Lexical,undetermined,clay,1375628,history,"pl. 13, W 15895,ad",,DCCLT; ARMEP,P000080; P000080,Archaic Lu2 A (witness) ,0.0,0.0,,,0.0,0.0,0.0,0.0,,
81.0,,"CDLI Lexical 000002, ex. 089",tablet,Uruk III (ca. 3200-3000 BC),Uruk (mod. Warka),,,,,Q000002,,"IM 023447,05",,,,,,,0.0,0.0,0.0,0.0,35.0,19.0,35.0,,,"W 15895,ae","Oe XVII,1",unter den neubabylonischen Häusern am Suchgraben,,,,,"National Museum of Iraq, Baghdad, Iraq",00.00.00.00,,Lexical,undetermined,clay,1375629,history,"pl. 14, W 15895,ae",,DCCLT; ARMEP,P000081; P000081,Archaic Lu2 A (witness) ,0.0,0.0,,,0.0,0.0,0.0,0.0,,
82.0,,"CDLI Lexical 000002, ex. 080",tablet,Uruk III (ca. 3200-3000 BC),Uruk (mod. Warka),,,,,Q000002,,"IM 023447,08",,,,,,,0.0,0.0,0.0,0.0,36.0,17.0,24.0,,,"W 15895,ah","Oe XVII,1",unter den neubabylonischen Häusern am Suchgraben,,,,,"National Museum of Iraq, Baghdad, Iraq",00.00.00.00,,Lexical,undetermined,clay,1375630,history,"pl. 13, W 15895,ah",,DCCLT; ARMEP,P000082; P000082,Archaic Lu2 A (witness) ,0.0,0.0,,,0.0,0.0,0.0,0.0,,
83.0,,"CDLI Lexical 000002, ex. 099",tablet,Uruk III (ca. 3200-3000 BC),Uruk (mod. Warka),,,,,Q000002,,"IM 023447,09",,,,,,,0.0,0.0,0.0,0.0,29.0,21.0,30.0,,,"W 15895,ai","Oe XVII,1",unter den neubabylonischen Häusern am Suchgraben,,,,,"National Museum of Iraq, Baghdad, Iraq",00.00.00.00,,Lexical,undetermined,clay,1375631,history,"pl. 15, W 15895,ai",,DCCLT; ARMEP,P000083; P000083,Archaic Lu2 A (witness) ,0.0,0.0,,,0.0,0.0,0.0,0.0,,
84.0,,"CDLI Lexical 000002, ex. 090",tablet,Uruk III (ca. 3200-3000 BC),Uruk (mod. Warka),,,,,Q000002,,"IM 023447,10",,,,,,,0.0,0.0,0.0,0.0,20.0,19.0,25.0,,,"W 15895,ak","Oe XVII,1",unter den neubabylonischen Häusern am Suchgraben,,,,,"National Museum of Iraq, Baghdad, Iraq",00.00.00.00,,Lexical,undetermined,clay,1375632,history,"pl. 14, W 15895,ak",,DCCLT; ARMEP,P000084; P000084,Archaic Lu2 A (witness) ,0.0,0.0,,,0.0,0.0,0.0,0.0,,
85.0,,"CDLI Lexical Archaic Unidentified, ex. 015",tablet,Uruk III (ca. 3200-3000 BC),Uruk (mod. Warka),,,,,,,"IM 023447,12",,,,,,,0.0,0.0,0.0,0.0,35.0,16.0,24.0,,,"W 15895,am","Oe XVII,1",unter den neubabylonischen Häusern am Suchgraben,,,,,"National Museum of Iraq, Baghdad, Iraq",,,Lexical,undetermined,clay,1375633,history,"pl. 86, W 15895,am",,DCCLT; ARMEP,P000085; P000085,Archaic Unidentified (witness) ,0.0,0.0,,,0.0,0.0,0.0,0.0,,
86.0,,"CDLI Lexical Archaic Unidentified, ex. 016",tablet,Uruk III (ca. 3200-3000 BC),Uruk (mod. Warka),,,,,,,"IM 023447,13",,,,,,,0.0,0.0,0.0,0.0,38.0,15.0,35.0,,,"W 15895,an","Oe XVII,1",unter den neubabylonischen Häusern am Suchgraben,,,,,"National Museum of Iraq, Baghdad, Iraq",,,Lexical,undetermined,clay,1375634,history,"pl. 86, W 15895,an",,DCCLT; ARMEP,P000086; P000086,Archaic Unidentified (witness) ,0.0,0.0,,,0.0,0.0,0.0,0.0,,
87.0,,"CDLI Lexical 000002, ex. 116",tablet,Uruk III (ca. 3200-3000 BC),Uruk (mod. Warka),,,,,Q000002,,"IM 023447,14",,,,,,,0.0,0.0,0.0,0.0,33.0,22.0,42.0,,,"W 15895,ao","Oe XVII,1",unter den neubabylonischen Häusern am Suchgraben,,,,,"National Museum of Iraq, Baghdad, Iraq",00.00.00.00,,Lexical,undetermined,clay,1375635,history,"pl. 17, W 15895,ao",,DCCLT; ARMEP,P000087; P000087,Archaic Lu2 A (witness) ,0.0,0.0,,,0.0,0.0,0.0,0.0,,
88.0,,"CDLI Lexical 000002, ex. 069",tablet,Uruk III (ca. 3200-3000 BC),Uruk (mod. Warka),,,,,Q000002,,"IM 023447,15",,,,,,,0.0,0.0,0.0,0.0,37.0,18.0,34.0,,,"W 15895,ap","Oe XVII,1",unter den neubabylonischen Häusern am Suchgraben,,,,,"National Museum of Iraq, Baghdad, Iraq",00.00.00.00,,Lexical,undetermined,clay,1375636,history,"pl. 12, W 15895,ap",,DCCLT; ARMEP,P000088; P000088,Archaic Lu2 A (witness) ,0.0,0.0,,,0.0,0.0,0.0,0.0,,
90.0,,"CDLI Lexical 000023, ex. 045",tablet,Uruk III (ca. 3200-3000 BC),Uruk (mod. Warka),,,,,Q000023,,"IM 023447,17",,,,,,,0.0,0.0,0.0,0.0,38.0,21.0,26.0,,,"W 15895,ar","Oe XVII,1",unter den neubabylonischen Häusern am Suchgraben,,,,,"National Museum of Iraq, Baghdad, Iraq",00.00.00.00,,Lexical,undetermined,clay,1375637,history,"pl. 60, W 15895,ar",,DCCLT; ARMEP,P000090; P000090,Archaic Vessels and Garments (witness) ,0.0,0.0,,,0.0,0.0,0.0,0.0,,
91.0,,"CDLI Lexical 000002, ex. 137",tablet,Uruk III (ca. 3200-3000 BC),Uruk (mod. Warka),,,,,Q000002,,"IM 023447,18",,,,,,,0.0,0.0,0.0,0.0,31.0,20.0,24.0,,,"W 15895,as","Oe XVII,1",unter den neubabylonischen Häusern am Suchgraben,,,,,"National Museum of Iraq, Baghdad, Iraq",00.00.00.00,,Lexical,undetermined,clay,1375638,history,"pl. 19, W 15895,as",,DCCLT; ARMEP,P000091; P000091,Archaic Lu2 A (witness) ,0.0,0.0,,,0.0,0.0,0.0,0.0,,
92.0,,"CDLI Lexical Archaic Unidentified, ex. 017",tablet,Uruk III (ca. 3200-3000 BC),Uruk (mod. Warka),,,,,,,"IM 023447,19",,,,,,,0.0,0.0,0.0,0.0,26.0,17.0,24.0,,,"W 15895,at","Oe XVII,1",unter den neubabylonischen Häusern am Suchgraben,,,,,"National Museum of Iraq, Baghdad, Iraq",,,Lexical,undetermined,clay,1375639,history,"pl. 86, W 15895,at",,DCCLT; ARMEP,P000092; P000092,Archaic Unidentified (witness) ,0.0,0.0,,,0.0,0.0,0.0,0.0,,
93.0,,"CDLI Lexical 000023, ex. 002",tablet,Uruk III (ca. 3200-3000 BC),Uruk (mod. Warka),,,,,Q000023,,"IM 023447,20",,,,,,,0.0,0.0,0.0,0.0,18.0,14.0,28.0,,,"W 15895,au","Oe XVII,1",unter den neubabylonischen Häusern am Suchgraben,,,,,"National Museum of Iraq, Baghdad, Iraq",00.00.00.00,,Lexical,undetermined,clay,1375640,history,"pl. 54, W 15895,au",,DCCLT; ARMEP,P000093; P000093,Archaic Vessels and Garments (witness) ,0.0,0.0,,,0.0,0.0,0.0,0.0,,
94.0,,"CDLI Lexical Archaic Unidentified, ex. 018",tablet,Uruk III (ca. 3200-3000 BC),Uruk (mod. Warka),,,,,,,"IM 023447,21",,,,,,,0.0,0.0,0.0,0.0,27.0,15.0,22.0,,,"W 15895,av","Oe XVII,1",unter den neubabylonischen Häusern am Suchgraben,,,,,"National Museum of Iraq, Baghdad, Iraq",,,Lexical,undetermined,clay,1375641,history,"pl. 86, W 15895,av",,DCCLT; ARMEP,P000094; P000094,Archaic Unidentified (witness) ,0.0,0.0,,,0.0,0.0,0.0,0.0,,
95.0,,"CDLI Lexical 000002, ex. 152",tablet,Uruk III (ca. 3200-3000 BC),Uruk (mod. Warka),,,,,Q000002,,"IM 023447,22",,,,,,,0.0,0.0,0.0,0.0,34.0,13.0,26.0,,,"W 15895,aw","Oe XVII,1",unter den neubabylonischen Häusern am Suchgraben,,,,,"National Museum of Iraq, Baghdad, Iraq",00.00.00.00,,Lexical,undetermined,clay,1375642,history,"pl. 21, W 15895,aw",,DCCLT; ARMEP,P000095; P000095,Archaic Lu2 A (witness) ,0.0,0.0,,,0.0,0.0,0.0,0.0,,
96.0,,"CDLI Lexical Archaic Unidentified, ex. 019",tablet,Uruk III (ca. 3200-3000 BC),Uruk (mod. Warka),,,,,,,"IM 023447,23",,,,,,,0.0,0.0,0.0,0.0,19.0,12.0,18.0,,,"W 15895,ax","Oe XVII,1",unter den neubabylonischen Häusern am Suchgraben,,,,,"National Museum of Iraq, Baghdad, Iraq",,,Lexical,undetermined,clay,1375643,history,"pl. 86, W 15895,ax",,DCCLT; ARMEP,P000096; P000096,Archaic Unidentified (witness) ,0.0,0.0,,,0.0,0.0,0.0,0.0,,
97.0,,"CDLI Lexical 000023, ex. 032",tablet,Uruk III (ca. 3200-3000 BC),Uruk (mod. Warka),,,,,Q000023,,"IM 023447,24",,,,,,,0.0,0.0,0.0,0.0,26.0,12.0,29.0,,,"W 15895,ay","Oe XVII,1",unter den neubabylonischen Häusern am Suchgraben,,,,,"National Museum of Iraq, Baghdad, Iraq",00.00.00.00,,Lexical,undetermined,clay,1375644,history,"pl. 58, W 15895,ay",,DCCLT; ARMEP,P000097; P000097,Archaic Vessels and Garments (witness) ,0.0,0.0,,,0.0,0.0,0.0,0.0,,
98.0,,"CDLI Lexical 000023, ex. 038",tablet,Uruk III (ca. 3200-3000 BC),Uruk (mod. Warka),,,,,Q000023,,"IM 023447,25 + VAT 17686",,,,,,,0.0,0.0,0.0,0.0,24.0,16.0,31.0,,,"W 15895,az + W 15895,br","Oe XVII,1",unter den neubabylonischen Häusern am Suchgraben,,,,,"National Museum of Iraq, Baghdad, Iraq;Vorderasiatisches Museum, Berlin, Germany",00.00.00.00,,Lexical,undetermined,clay,1375645,history,"pl. 59, W 15895,az+",,DCCLT; ARMEP,P000098; P000098,Archaic Vessels and Garments (witness) ,0.0,0.0,,,0.0,0.0,0.0,0.0,,
99.0,,"CDLI Lexical 000002, ex. 070",tablet,Uruk III (ca. 3200-3000 BC),Uruk (mod. Warka),,,,,Q000002,,VAT 21310,,,,,,,0.0,0.0,0.0,0.0,34.0,17.0,37.0,,,"W 15895,ba","Oe XVII,1",unter den neubabylonischen Häusern am Suchgraben,,,,,"Vorderasiatisches Museum, Berlin, Germany",00.00.00.00,,Lexical,undetermined,clay,1375646,history,"pl. 12, W 15895,ba",,DCCLT; ARMEP,P000099; P000099,Archaic Lu2 A (witness) ,0.0,0.0,,,0.0,0.0,0.0,0.0,,
100.0,,"CDLI Lexical 000030, ex. 001",tablet,Uruk III (ca. 3200-3000 BC),Uruk (mod. Warka),,,,,Q000030,,VAT 17652,,,,,,,0.0,0.0,0.0,0.0,44.0,16.0,34.0,,,"W 15895,bb","Oe XVII,1",unter den neubabylonischen Häusern am Suchgraben,,,,,"Vorderasiatisches Museum, Berlin, Germany",,,Lexical,undetermined,clay,1375647,history,"pl. 44, W 15895,bb",,DCCLT; ARMEP,P000100; P000100,Archaic Tribute (witness) ,0.0,0.0,,,0.0,0.0,0.0,0.0,,
101.0,,"CDLI Lexical 000002, ex. 081",tablet,Uruk III (ca. 3200-3000 BC),Uruk (mod. Warka),,,,,Q000002,,VAT 17691,,,,,,,0.0,0.0,0.0,0.0,36.0,22.0,37.0,,,"W 15895,bc","Oe XVII,1",unter den neubabylonischen Häusern am Suchgraben,,,,,"Vorderasiatisches Museum, Berlin, Germany",00.00.00.00,,Lexical,undetermined,clay,1375648,history,"pl. 13, W 15895,bc",,DCCLT; ARMEP,P000101; P000101,Archaic Lu2 A (witness) ,0.0,0.0,,,0.0,0.0,0.0,0.0,,
102.0,,"CDLI Lexical 000002, ex. 071",tablet,Uruk III (ca. 3200-3000 BC),Uruk (mod. Warka),,,,,Q000002,,VAT 17640,,,,,,,0.0,0.0,0.0,0.0,29.0,14.0,31.0,,,"W 15895,bd","Oe XVII,1",unter den neubabylonischen Häusern am Suchgraben,,,,,"Vorderasiatisches Museum, Berlin, Germany",00.00.00.00,,Lexical,undetermined,clay,1375649,history,"pl. 12, W 15895,bd",,DCCLT; ARMEP,P000102; P000102,Archaic Lu2 A (witness) ,0.0,0.0,,,0.0,0.0,0.0,0.0,,
103.0,,"CDLI Lexical 000026, ex. 027",tablet,Uruk III (ca. 3200-3000 BC),Uruk (mod. Warka),,,,,Q000026,,VAT 17637,,,,,,,0.0,0.0,0.0,0.0,27.0,16.0,28.0,,,"W 15895,be","Oe XVII,1",unter den neubabylonischen Häusern am Suchgraben,,,,,"Vorderasiatisches Museum, Berlin, Germany",00.00.00.00,,Lexical,undetermined,clay,1375650,history,"pl. 72, W 15895,be",,DCCLT; ARMEP,P000103; P000103,Archaic Metal (witness) ,0.0,0.0,,,0.0,0.0,0.0,0.0,,
104.0,,"CDLI Lexical 000023, ex. 052",tablet,Uruk III (ca. 3200-3000 BC),Uruk (mod. Warka),,,,,Q000023,,VAT 16921,,,,,,,0.0,0.0,0.0,0.0,22.0,18.0,28.0,,,"W 15895,bf","Oe XVII,1",unter den neubabylonischen Häusern am Suchgraben,,,,,"Vorderasiatisches Museum, Berlin, Germany",00.00.00.00,,Lexical,undetermined,clay,1375651,history,"pl. 61, W 15895,bf",,DCCLT; ARMEP,P000104; P000104,Archaic Vessels and Garments (witness) ,0.0,0.0,,,0.0,0.0,0.0,0.0,,
105.0,,"CDLI Lexical 000002, ex. 153",tablet,Uruk III (ca. 3200-3000 BC),Uruk (mod. Warka),,,,,Q000002,,VAT 17661,,,,,,,0.0,0.0,0.0,0.0,31.0,16.0,26.0,,,"W 15895,bi","Oe XVII,1",unter den neubabylonischen Häusern am Suchgraben,,,,,"Vorderasiatisches Museum, Berlin, Germany",00.00.00.00,,Lexical,undetermined,clay,1375652,history,"pl. 21, W 15895,bi",,DCCLT; ARMEP,P000105; P000105,Archaic Lu2 A (witness) ,0.0,0.0,,,0.0,0.0,0.0,0.0,,
106.0,,"CDLI Lexical 000002, ex. 001",tablet,Uruk III (ca. 3200-3000 BC),Uruk (mod. Warka),,,,,Q000002,,VAT 17583,,,,,,,0.0,0.0,0.0,0.0,18.0,9.0,23.0,,,"W 15895,bk","Oe XVII,1",unter den neubabylonischen Häusern am Suchgraben,,,,,"Vorderasiatisches Museum, Berlin, Germany",00.00.00.00,,Lexical,undetermined,clay,1375653,history,"pl. 1, W 15895,bk",,DCCLT; ARMEP,P000106; P000106,Archaic Lu2 A (witness) ,0.0,0.0,,,0.0,0.0,0.0,0.0,,
107.0,,"CDLI Lexical 000002, ex. 154",tablet,Uruk III (ca. 3200-3000 BC),Uruk (mod. Warka),,,,,Q000002,,VAT 17723,,,,,,,0.0,0.0,0.0,0.0,25.0,16.0,27.0,,,"W 15895,bm","Oe XVII,1",unter den neubabylonischen Häusern am Suchgraben,,,,,"Vorderasiatisches Museum, Berlin, Germany",00.00.00.00,,Lexical,undetermined,clay,1375654,history,"pl. 21, W 15895,bm",,DCCLT; ARMEP,P000107; P000107,Archaic Lu2 A (witness) ,0.0,0.0,,,0.0,0.0,0.0,0.0,,
108.0,,"CDLI Lexical 000002, ex. 143",tablet,Uruk III (ca. 3200-3000 BC),Uruk (mod. Warka),,,,,Q000002,,VAT 17692,,,,,,,0.0,0.0,0.0,0.0,32.0,16.0,33.0,,,"W 15895,bn","Oe XVII,1",unter den neubabylonischen Häusern am Suchgraben,,,,,"Vorderasiatisches Museum, Berlin, Germany",00.00.00.00,,Lexical,undetermined,clay,1375655,history,"pl. 20, W 15895,bn",,DCCLT; ARMEP,P000108; P000108,Archaic Lu2 A (witness) ,0.0,0.0,,,0.0,0.0,0.0,0.0,,
109.0,,"CDLI Lexical 000002, ex. 091",tablet,Uruk III (ca. 3200-3000 BC),Uruk (mod. Warka),,,,,Q000002,,VAT 17676,,,,,,,0.0,0.0,0.0,0.0,17.0,20.0,32.0,,,"W 15895,bo","Oe XVII,1",unter den neubabylonischen Häusern am Suchgraben,,,,,"Vorderasiatisches Museum, Berlin, Germany",00.00.00.00,,Lexical,undetermined,clay,1375656,history,"pl. 14, W 15895,bo",,DCCLT; ARMEP,P000109; P000109,Archaic Lu2 A (witness) ,0.0,0.0,,,0.0,0.0,0.0,0.0,,
110.0,,"CDLI Lexical Archaic Unidentified, ex. 020",tablet,Uruk III (ca. 3200-3000 BC),Uruk (mod. Warka),,,,,,,VAT 17651,,,,,,,0.0,0.0,0.0,0.0,52.0,20.0,46.0,,,"W 15895,bp","Oe XVII,1",unter den neubabylonischen Häusern am Suchgraben,,,,,"Vorderasiatisches Museum, Berlin, Germany",,,Lexical,undetermined,clay,1375657,history,"pl. 86, W 15895,bp",,DCCLT; ARMEP,P000110; P000110,Archaic Unidentified (witness) ,0.0,0.0,,,0.0,0.0,0.0,0.0,,
111.0,,"CDLI Lexical 000030, ex. 012",tablet,Uruk III (ca. 3200-3000 BC),Uruk (mod. Warka),,,,,Q000030,,VAT 16853,,,,,,,0.0,0.0,0.0,0.0,59.0,20.0,37.0,,,"W 15895,bq","Oe XVII,1",unter den neubabylonischen Häusern am Suchgraben,,,,,"Vorderasiatisches Museum, Berlin, Germany",,,Lexical,undetermined,clay,1375658;1444284,history;history,"pl. 47, W 15895,bq",,DCCLT; ARMEP,P000111; P000111,Archaic Tribute (witness) ,0.0,0.0,,,0.0,0.0,0.0,0.0,,
113.0,,"CDLI Lexical 000023, ex. 033",tablet,Uruk III (ca. 3200-3000 BC),Uruk (mod. Warka),,,,,Q000023,,VAT 17641,,,,,,,0.0,0.0,0.0,0.0,44.0,21.0,51.0,,,"W 15895,bs","Oe XVII,1",unter den neubabylonischen Häusern am Suchgraben,,,,,"Vorderasiatisches Museum, Berlin, Germany",00.00.00.00,,Lexical,undetermined,clay,1375659,history,"pl. 58, W 15895,bs",,DCCLT; ARMEP,P000113; P000113,Archaic Vessels and Garments (witness) ,0.0,0.0,,,0.0,0.0,0.0,0.0,,
114.0,,"CDLI Lexical 000030, ex. 026",tablet,Uruk III (ca. 3200-3000 BC),Uruk (mod. Warka),,,,,Q000030,,VAT 17638,,,,,,,0.0,0.0,0.0,0.0,45.0,19.0,37.0,,,"W 15895,bt","Oe XVII,1",unter den neubabylonischen Häusern am Suchgraben,,,,,"Vorderasiatisches Museum, Berlin, Germany",,,Lexical,undetermined,clay,1375660,history,"pl. 49, W 15895,bt",,DCCLT; ARMEP,P000114; P000114,Archaic Tribute (witness) ,0.0,0.0,,,0.0,0.0,0.0,0.0,,
115.0,,"CDLI Lexical 000002, ex. 059",tablet,Uruk III (ca. 3200-3000 BC),Uruk (mod. Warka),,,,,Q000002,,VAT 17683,,,,,,,0.0,0.0,0.0,0.0,59.0,22.0,64.0,,,"W 15895,bu","Oe XVII,1",unter den neubabylonischen Häusern am Suchgraben,,,,,"Vorderasiatisches Museum, Berlin, Germany",00.00.00.00,,Lexical,undetermined,clay,1375661,history,"pl. 11, W 15895,bu",,DCCLT; ARMEP,P000115; P000115,Archaic Lu2 A (witness) ,0.0,0.0,,,0.0,0.0,0.0,0.0,,
